John, Smith, john.smith@example.com
Marlon, Gates, marlon.gates2@example.net
Gary, Jonson, gary.jonson2@example.me
Ron, Morris, ron.morris@example.org
Rose, Mars, rmars@example.com
Jimmy, Morgan, jmorgan@example.com
Max, Dominguez, mdominguez@example.com
John, Cena, jcena@example.com
Michael, Myers, mmayers@example.com
Britany, Xpairs, bxpairs@example.com
